{
    "name": "pelvis",
    "pos": [-4.063530825078487396e-03, -2.392509132623672485e-01, 2.880949527025222778e-02],
    "mass": 15.2138,
    "COM": [-9.2384143e-04,  -2.0155133e-03,  -1.3460425e-02],
    "MOI": [0.12678, 0.16963, 0.16705, -0.00020885, -0.00064267, -0.0026945],
    "type": "free",
    "shape": [
	{
	    "type": "box",
	    "size": [0.05, 0.0780156999826431, 0.05],
	    "pos": [0.0277417725883424, -0.0390078499913215, -0.0072776465676725]
	},
	{
	    "type": "box",
	    "size": [0.05, 0.0869878977537155, 0.05],
	    "pos": [-0.0288782310672104, -0.0434939488768578, -0.0052534658461809]
	},
	{
	    "type": "box",
	    "size": [0.05, 0.119877316057682, 0.05],
	    "pos": [0.00215414678677916, 0.059938658028841, -0.0183956678956747]
	}
    ],
    "children": [
	{
	    "name": "lThigh",
	    "pos": [0.0554835451766849, -0.0780156999826431, -0.014555293135345],
	    "mass": 6.9226,
	    "COM": [2.7106994e-02,  -1.4924743e-01,   1.5235318e-02],
	    "MOI": [0.069552, 0.025613, 0.067163, -0.0017165, -0.0011484, -0.0026922],
	    "type": "ball",
	    "shape": [
		{
		    "type": "box",
		    "size": [0.05, 0.354976981878281, 0.05],
		    "pos": [0.0193000305444002, -0.17748849093914, 0.00394851667806506]
		}
	    ],
	    "children": [
		{
		    "name": "lCalf",
		    "pos": [0.0386000610888004, -0.354976981878281, 0.00789703335613012],
		    "mass": 3.1251,
		    "COM": [-4.2581902e-03,  -1.5403640e-01,  -3.2264114e-02],
		    "MOI": [0.031268, 0.0049692, 0.03043, 0.00017083, 0.00012202, -0.0020104],
		    "type": "ball",
		    "shape": [
			{
			    "type": "box",
			    "size": [0.05, 0.387481331825256, 0.05],
			    "pos": [-0.0068921484053135, -0.193740665912628, -0.0176212452352047]
			}
		    ],
		    "children": [
			{
			    "name": "lFoot",
			    "pos": [-0.013784296810627, -0.387481331825256, -0.0352424904704094],
			    "mass": 0.6216,
			    "COM": [1.6237933e-02,  -3.1273348e-02,   2.3378729e-02],
			    "MOI": [0.0011665, 0.0011536, 0.00050305, 5.2053e-05, -6.3373e-05, 9.5417e-05],
			    "type": "ball",
			    "shape": [
				{
				    "type": "box",
				    "size": [0.07, 0.03, 0.20],
				    "pos": [0.00, -0.0274718403816223, 0.07]
				}
			    ],
			    "children": [
				{
				    "name": "lSole",
				    "pos": [0.035913921892643, -0.0549436807632446, 0.114341367036104],
				    "mass": 0.1461,
				    "COM": [-1.8021124e-02,   4.4642358e-04,   1.7468052e-02],
				    "MOI": [ 7.8025e-05, 0.00014333, 8.526e-05, 2.295e-06, 2.0024e-05, 7.7957e-06],
				    "type": "ball"
				}]

			}]

		}]

	},
	{
	    "name": "rThigh",
	    "pos": [-0.0577564621344209, -0.0869878977537155, -0.0105069316923618],
	    "mass": 6.9226,
	    "COM": [2.7106994e-02,  -1.4924743e-01,   1.5235318e-02],
	    "MOI": [ 0.066581, 0.024465, 0.06427, 0.0022955, 0.00095662, -0.0028814],
	    "type": "ball",
	    "shape": [
		{
		    "type": "box",
		    "size": [0.05, 0.350051045417786, 0.05],
		    "pos": [-0.0194955170154571, -0.175025522708893, -0.00102055631577969]
		}
	    ],
	    "children": [
		{
		    "name": "rCalf",
		    "pos": [-0.0389910340309143, -0.350051045417786, -0.00204111263155937],
		    "mass": 3.1251,
		    "COM": [-4.2581902e-03,  -1.5403640e-01,  -3.2264114e-02],
		    "MOI": [0.030956, 0.0049791, 0.030169, -0.00025501, -5.6899e-05, -0.0016984],
		    "type": "ball",
		    "shape": [
			{
			    "type": "box",
			    "size": [0.05, 0.37867683172226, 0.05],
			    "pos": [0.00860583409667015, -0.18933841586113, -0.0160824619233608]
			}
		    ],
		    "children": [
			{
			    "name": "rFoot",
			    "pos": [0.0172116681933403, -0.37867683172226, -0.0321649238467216],
			    "mass": 0.6216,
			    "COM": [1.6237933e-02,  -3.1273348e-02,   2.3378729e-02],
			    "MOI": [0.0012617, 0.0012241, 0.00051023, -5.1571e-05, 3.7883e-05, 0.00012764],
			    "type": "ball",
			    "shape": [
				{
				    "type": "box",
				    "size": [0.07, 0.03, 0.20],
				    "pos": [-0.01, -0.0282955169677735, 0.07]
				}
			    ],
			    "children": [
				{
				    "name": "rSole",
				    "pos": [-0.0279387757182121, -0.0565910339355469, 0.121788941323757],
				    "mass": 0.1461,
				    "COM": [-1.8021124e-02,   4.4642358e-04,   1.7468052e-02],
				    "MOI": [8.4849e-05, 0.00014978, 8.7618e-05, -4.556e-06, -1.8372e-05, 6.6923e-06],
				    "type": "ball"
				}]

			}]

		}]

	},
	{
	    "name": "abdomen",
	    "pos": [0.00430829357355833, 0.119877316057682, -0.0367913357913494],
	    "mass": 6.8786,
	    "COM": [-3.2635976e-03,   4.6970824e-02,   4.3599980e-02],
	    "MOI": [0.039685, 0.06871, 0.044081, -0.00030099, -0.0004489, 0.0047759],
	    "type": "ball",
	    "shape": [
		{
		    "type": "box",
		    "size": [0.05, 0.133516728878021, 0.05],
		    "pos": [0.0030019199475646, 0.0667583644390105, 0.0132315792143345]
		}
	    ],
	    "children": [
		{
		    "name": "chest1",
		    "pos": [0.0060038398951292, 0.133516728878021, 0.026463158428669],
		    "mass": 5.6889,
		    "COM": [-4.8891927e-03,   1.5735128e-02,   1.3274873e-02],
		    "MOI": [0.025211, 0.057672, 0.041336, -0.00030377, -0.00080675, -0.00050309],
		    "type": "ball",
		    "shape": [
			{
			    "type": "box",
			    "size": [0.05, 0.0555925220251083, 0.05],
			    "pos": [-0.00088565982878208, 0.0277962610125542, 0.00076418463140726]
			}
		    ],
		    "children": [
			{
			    "name": "chest2",
			    "pos": [-0.00177131965756416, 0.0555925220251083, 0.00152836926281452],
			    "mass": 12.0170,
			    "COM": [-3.3520373e-03,   8.3599889e-02,  -2.8835258e-02],
			    "MOI": [0.075116, 0.12867, 0.13888, -0.0011548, 0.00020515, 0.0014147],
			    "type": "ball",
			    "shape": [
				{
				    "type": "box",
				    "size": [0.05, 0.205456577241421, 0.05],
				    "pos": [-0.005754666402936, 0.10272828862071, -0.0189057663083077]
				},
				{
				    "type": "box",
				    "size": [0.05, 0.110134862363338, 0.05],
				    "pos": [0.03362821880728, 0.055067431181669, -0.0092650130391121]
				},
				{
				    "type": "box",
				    "size": [0.05, 0.10787209123373, 0.05],
				    "pos": [-0.0383952548727393, 0.053936045616865, -0.0110643841326236]
				}
			    ],
			    "children": [
				{
				    "name": "neck",
				    "pos": [-0.011509332805872, 0.205456577241421, -0.0378115326166153],
				    "mass": 0.6828,
				    "COM": [9.2175792e-03,   3.7991694e-02,   1.8125226e-02],
				    "MOI": [0.00087719, 0.001273, 0.00081975, -1.1442e-05, -1.1674e-05, 0.00011528],
				    "type": "ball",
				    "shape": [
					{
					    "type": "box",
					    "size": [0.05, 0.0874870419502258, 0.05],
					    "pos": [0.00440825894474983, 0.0437435209751129, 0.0213810596615076]
					}
				    ],
				    "children": [
					{
					    "name": "head",
					    "pos": [0.00881651788949966, 0.0874870419502258, 0.0427621193230152],
					    "mass": 4.0880,
					    "COM": [1.4878298e-03,   7.8303459e-02,  -1.5772645e-02],
					    "MOI": [0.020465, 0.014742, 0.01685, -0.00013452, -6.7006e-05, 0.0020756],
					    "type": "ball"
					}]

				},
				{
				    "name": "lShoulder",
				    "pos": [0.0672564376145601, 0.110134862363338, -0.0185300260782242],
				    "mass": 1.0633,
				    "COM": [7.3603783e-02,   3.9931987e-02,  -2.8313119e-02],
				    "MOI": [0.0022913, 0.0022535, 0.0017891, 0.00029122, -0.00036946, -0.00017021],
				    "type": "ball",
				    "shape": [
					{
					    "type": "box",
					    "size": [0.117079876363277, 0.05, 0.05],
					    "pos": [0.0585399381816385, 0.0197577551007271, -0.00893758423626425]
					}
				    ],
				    "children": [
					{
					    "name": "lUpperArm",
					    "pos": [0.117079876363277, 0.0395155102014542, -0.0178751684725285],
					    "mass": 1.6667,
					    "COM": [9.9981790e-02,  -1.5004926e-02,  -5.5824826e-03],
					    "MOI": [0.002303, 0.0068611, 0.0071514, -0.00037621, 0.00016613, -0.00013031],
					    "type": "ball",
					    "shape": [
						{
						    "type": "box",
						    "size": [0.23239529132843, 0.05, 0.05],